Título,URL,Descripción
Cómo Hacer una Auditoría SEO Completa (en 14 pasos),https://es.semrush.com/blog/guia-basica-auditoria-seo/,"May 22, 2023 — ¿Qué es una Auditoría SEO? Una auditoría SEO es el proceso de evaluar el grado de optimización de tu web para los motores de búsqueda."
Auditoría SEO: cómo examinar a detalle tu presencia orgánica,"https://rockcontent.com/es/blog/auditoria-seo/#:~:text=La%20auditor%C3%ADa%20SEO%20es%20un,de%20los%20buscadores%20como%20Google.",No encontrado
¿Qué es una auditoría SEO ? - Bold Orange,"https://translate.google.com/translate?u=https://boldorange.com/news/what-is-an-seo-audit/&hl=es&sl=en&tl=es&client=rq&prev=search#:~:text=An%20SEO%20audit%20is%20the,that%20will%20have%20measurable%20results.",No encontrado
What is an SEO Audit? - Bold Orange,"https://boldorange.com/news/what-is-an-seo-audit/#:~:text=An%20SEO%20audit%20is%20the,that%20will%20have%20measurable%20results.",No encontrado
Cómo realizar una auditoría técnica de SEO en 8 pasos - Ahrefs,"https://translate.google.com/translate?u=https://ahrefs.com/blog/technical-seo-audit/&hl=es&sl=en&tl=es&client=rq&prev=search#:~:text=technical%20SEO%20audit-,What%20is%20a%20technical%20SEO%20audit%3F,%2C%20Bing%2C%20Yahoo%2C%20etc.",No encontrado
How to Complete a Technical SEO Audit in 8 Steps - Ahrefs,"https://ahrefs.com/blog/technical-seo-audit/#:~:text=technical%20SEO%20audit-,What%20is%20a%20technical%20SEO%20audit%3F,%2C%20Bing%2C%20Yahoo%2C%20etc.",No encontrado
Análisis SEO para Webs - Digital Menta,"https://www.digitalmenta.com/analisis-seo/#:~:text=Un%20an%C3%A1lisis%20SEO%20consiste%20en,de%20contenido%20duplicado%20y%20dem%C3%A1s.",No encontrado
Auditoría SEO: cómo examinar a detalle tu presencia ...,https://rockcontent.com/es/blog/auditoria-seo/,"Jun 26, 2020 — La auditoría SEO es un análisis detallado de los diferentes aspectos que afectan el posicionamiento orgánico de un sitio web."
Auditoría SEO y Herramienta de Informes,https://www.seoptimer.com/es/,Herramienta de auditoría integrada. Genera más clientes potenciales directamente desde tu sitio web con tu propia herramienta de auditoría SEO integrada.
Auditoría SEO completa: Todo lo que necesitas saber,https://seocom.agency/blog/como-hacer-auditoria-seo/,"May 19, 2024 — Una auditoría SEO es un análisis exhaustivo que evalúa un sitio web para identificar las fortalezas, debilidades y áreas de mejora en términos ..."
Cómo hacer una auditoría SEO para principiantes (y las ...,https://www.seo.com/es/blog/seo-audit/,"Aug 19, 2024 — Cómo hacer una auditoría SEO · 1. Verificar el rastreo y la indexación · 2. Evalúe su mapa del sitio · 3. Evalúe su diseño web · 4. Pruebe la ..."
Auditoría SEO en 2024: qué es y qué debe incluir,https://www.latevaweb.com/auditoria-seo-que-es-y-que-debe-incluir-en-2021,"Jan 10, 2024 — Una auditoría SEO sirve para conocer el estado actual de un proyecto desde la perspectiva SEO. La podríamos definir algo así como ""conjunto de ..."
▷ ¿Qué Es Una Auditoría SEO Y Por Qué Es Tan ...,https://nothingad.com/blog/herramientas-de-auditoria-seo-para-mejorar-tu-posicionamiento-web/,"Una auditoría SEO es un análisis exhaustivo de un sitio web que evalúa su rendimiento en términos de visibilidad, diseño, funcionalidad, seguridad y ..."
Nueva categoría de auditoría de SEO en la extensión de ...,https://developers.google.com/search/blog/2018/02/seo-audit-category-in-lighthouse?hl=es,"Con ella, los desarrolladores pueden auditar varios indicadores, como el rendimiento, la accesibilidad o la compatibilidad de aplicaciones web progresivas, y ..."
Auditoría SEO ¿Qué es y cómo hacerla en 7 pasos?,https://seranking.com/es/blog/como-hacer-una-auditoria-seo/,"Jul 3, 2024 — Una auditoría SEO es un proceso que te permite descubrir problemas y puntos de mejora que impiden o dificultan que tu sitio web posicione, ..."
Site Audit: Improve the SEO of Your Website,https://es.semrush.com/siteaudit/,Lleva a cabo un análisis detallado del posicionamiento SEO de tu sitio web al completo. Identifica más de 140 problemas habituales en base a su prioridad e ...
